url	first_seen	portal	title	company	status	location
https://careers.sweetgreen.com/jobs/7968215?gh_jid=7968215	2026-07-08	greenhouse-api	Regional Supply Manager	Sweetgreen	added	Remote	
https://careers.formlabs.com/job/7991806/apply/?gh_jid=7991806	2026-07-08	greenhouse-api	Head of Supply Planning	Formlabs	added	Somerville, MA	
https://jobs.ashbyhq.com/whoop/55291eaf-d669-45d0-acee-2add49b07d46	2026-07-08	ashby-api	Director of Procurement (Hardware)	WHOOP	added	Boston, MA	
https://jobs.ashbyhq.com/benchling/1b947544-d8cb-446b-89dd-377b2642d31f	2026-07-08	ashby-api	Technical Account Manager	Benchling	added	Boston, MA	
https://jobs.ashbyhq.com/benchling/29392bd3-ec2a-4017-925b-10975ba09054	2026-07-08	ashby-api	Strategic Account Executive	Benchling	added	San Diego, CA	
https://jobs.ashbyhq.com/benchling/77e774c8-b0ed-4a87-8e25-60f9a0105f62	2026-07-08	ashby-api	Enterprise Account Executive	Benchling	added	Boston, MA · New York, NY · New York · US · Philadelphia, PA · Philadelphia · United States	
https://jobs.ashbyhq.com/benchling/d897a65f-eddf-4b45-ade1-029b0c029b95	2026-07-08	ashby-api	SMB Account Executive	Benchling	added	San Francisco, CA	
https://jobs.ashbyhq.com/cradlebio/07b4fd84-7dcf-4e31-a1f5-c2cff0e44f78	2026-07-08	ashby-api	Account Executive, Global Accounts	Cradle	added	Boston · US East (Remote) · US	
https://jobs.ashbyhq.com/benchling/a7e9452b-b702-4818-9e2a-3315bf7861ca	2026-07-08	ashby-api	Strategic Account Executive	Benchling	added	San Francisco, CA	
https://www.zipline.com/open-roles?gh_jid=7786959003	2026-07-08	greenhouse-api	Senior Hardware Recruiting Partner	Zipline	added	South San Francisco, California, USA	
https://careers.formlabs.com/job/8041515/apply/?gh_jid=8041515	2026-07-08	greenhouse-api	Product Manager, Hardware	Formlabs	added	Somerville, MA	
https://careers.formlabs.com/job/8041518/apply/?gh_jid=8041518	2026-07-08	greenhouse-api	Senior Product Manager, Hardware	Formlabs	added	Somerville, MA	
https://jobs.ashbyhq.com/lambda/aedcfc9e-c2ad-4e69-8962-1ffe1f455ba1	2026-07-08	ashby-api	Data Center Facility Telemetry & Controls Engineer	Lambda	added	Remote, USA · San Jose Office (Zanker) · San Jose · United States	
https://jobs.ashbyhq.com/benchling/7017bd54-cf7e-45cc-a6ee-580701f2b7fc	2026-07-08	ashby-api	Engineering Leader, Infrastructure	Benchling	added	San Francisco, CA	
https://jobs.ashbyhq.com/benchling/e7d8051d-d779-41b0-891f-0eb40c36a22c	2026-07-08	ashby-api	Strategic Account Executive	Benchling	added	Boston, MA	
https://jobs.ashbyhq.com/zip/1bbcaf79-2f1b-460e-a1e2-001734012f1a	2026-07-08	ashby-api	Commercial Account Manager	Zip	added	San Francisco	
https://jobs.ashbyhq.com/zip/2113e35a-8938-44b8-901f-17c60e7b199c	2026-07-08	ashby-api	Commercial Account Executive	Zip	added	San Francisco	
https://jobs.ashbyhq.com/zip/37f9d33b-ea1c-4305-bc29-3afc50019728	2026-07-08	ashby-api	Strategic Account Executive - Central	Zip	added	Remote - US · Remote - Minneapolis · Minneapolis · United States · Remote - Chicago · Chicago · Remote - Houston · Houston · Remote - Dallas · Dallas · Remote - Tennessee · Nashville	
https://jobs.ashbyhq.com/zip/756f7f6d-b390-4f59-b227-9ae0af19d82a	2026-07-08	ashby-api	Enterprise Account Manager	Zip	added	Remote - US · Remote - Seattle · Seattle · United States · Remote - Denver · Denver · Remote - Los Angeles · Los Angeles · Remote - San Jose · San Jose · San Francisco · Remote - Phoenix · Phoenix · Remote - Sacramento · Sacramento · Remote - San Diego · San Diego	
https://jobs.ashbyhq.com/zip/7c06a949-15a0-4d9e-9ddb-ccdb057d1237	2026-07-08	ashby-api	Senior Business Systems Manager	Zip	added	San Francisco	
https://jobs.ashbyhq.com/zip/957c81ac-7ff7-4d1b-9b4b-3eb60305b6da	2026-07-08	ashby-api	Strategic Account Executive - West Coast	Zip	added	Remote - US · Remote - West Coast · Los Angeles, San Francisco · United States · Remote - Seattle · Seattle · Remote - Denver · Denver · Remote - Los Angeles · Los Angeles · Remote - San Jose · San Jose · San Francisco · Remote - Phoenix · Phoenix · Remote - Sacramento · Sacramento · Remote - San Diego · San Diego	
https://jobs.ashbyhq.com/zip/c6029d60-30a1-4d5f-9d2c-157551615c8c	2026-07-08	ashby-api	Commercial Account Executive	Zip	added	Australia · Sydney	
https://jobs.ashbyhq.com/zip/d250ca47-4ed5-449c-8006-64da7d46853e	2026-07-08	ashby-api	Enterprise Account Executive - West Coast	Zip	added	Remote - West Coast · Remote - Seattle · Seattle · United States · Remote - Denver · Denver · Remote - Los Angeles · Los Angeles · Remote - San Jose · San Jose · San Francisco · Remote - Phoenix · Phoenix · Remote - Sacramento · Sacramento · Remote - San Diego · San Diego	
https://jobs.ashbyhq.com/zip/dceace45-8473-49a4-a05c-901112601d88	2026-07-08	ashby-api	Enterprise Account Executive	Zip	added	New York City	
https://jobs.ashbyhq.com/zip/ebc5905e-25f3-42c1-a394-59ec93482a88	2026-07-08	ashby-api	Senior Product Designer, Procure to Pay	Zip	added	San Francisco	
https://jobs.ashbyhq.com/zip/f5318e56-1fb8-43ba-917c-83983ac7d9d5	2026-07-08	ashby-api	Enterprise Account Executive - Central	Zip	added	Remote - US · Remote - Minneapolis · Minneapolis · United States · Remote - Chicago · Chicago · Remote - Atlanta · Atlanta · Remote - Houston · Houston · Remote - Dallas · Dallas · Remote - Tennessee · Nashville	
https://jobs.ashbyhq.com/whoop/5a8aa306-a578-4819-b046-17abf5cbf50e	2026-07-08	ashby-api	Embedded QA Engineering Manager (Hardware Accelerate)	WHOOP	added	Boston, MA	
https://jobs.ashbyhq.com/whoop/5cbd207e-5b83-41c3-b838-576bb14d20a7	2026-07-08	ashby-api	Android Engineer II (Hardware Accelerate)	WHOOP	added	Boston, MA	
https://jobs.ashbyhq.com/whoop/a78d74bf-35c7-4a66-8ec8-b1b7c35ce840	2026-07-08	ashby-api	Senior Platform Engineer (Kubernetes, Application Infrastructure)	WHOOP	added	Boston, MA	
https://jobs.ashbyhq.com/whoop/ab7c6757-42cf-4117-8bba-6f1c58b69f88	2026-07-08	ashby-api	Product Manager II (Business Systems)	WHOOP	added	Boston, MA	
https://jobs.ashbyhq.com/whoop/d7986c1c-75bb-486f-a829-12d4f8c2f139	2026-07-08	ashby-api	Director of Hardware Product Compliance	WHOOP	added	Boston, MA	
https://jobs.ashbyhq.com/whoop/e7e0a30b-358c-4f65-ab40-2fc10245e963	2026-07-08	ashby-api	Hardware Engineering Project Manager II (Continuous Improvement)	WHOOP	added	Boston, MA	
https://jobs.lever.co/ro/d2e897ae-3b4c-4219-ab0d-0403decc2115	2026-07-08	lever-api	Engineering Manager, Core Infrastructure	Ro	added	New York, NY	58b1e687a2c65c4d
https://jobs.ashbyhq.com/ramp/2f332a16-5fa6-4971-8a96-39bebf46c23d	2026-07-08	ashby-api	Senior Channel Partner Manager | Strategic Technology Partners	Ramp	added	New York, NY (HQ) · San Francisco, CA · San Fransisco · USA · Remote (US) · United States	
https://jobs.ashbyhq.com/ramp/3ce8d76b-0cfb-4dd5-b36b-de22c4bd85e9	2026-07-08	ashby-api	Channel Partner Manager | Venture Capital & Growth Equity	Ramp	added	New York, NY (HQ) · San Francisco, CA · San Fransisco · USA · Miami, FL · Miami	
https://jobs.ashbyhq.com/ramp/3f94674f-6af8-4e10-9631-77b1b0a410bf	2026-07-08	ashby-api	Account Executive, SMB | Canada	Ramp	added	Remote (Canada)	
https://jobs.ashbyhq.com/ramp/60ed4fac-3833-4495-9b0f-75e6dfe4b36c	2026-07-08	ashby-api	Manager, Account Executive | Mid-Market	Ramp	added	New York, NY (HQ) · San Francisco, CA · San Fransisco · USA	
https://jobs.ashbyhq.com/ramp/8c004352-f162-4d89-858f-75a649e77ec4	2026-07-08	ashby-api	Account Executive | Commercial	Ramp	added	New York, NY (HQ) · San Francisco, CA · San Fransisco · USA	
https://jobs.ashbyhq.com/ramp/8db155ca-7e13-4eed-9813-1b6b65d66158	2026-07-08	ashby-api	Senior Channel Partner Manager | Venture Capital & Growth Equity	Ramp	added	New York, NY (HQ) · San Francisco, CA · San Fransisco · USA · Miami, FL · Miami	
https://jobs.ashbyhq.com/ramp/b4cbb19e-8249-4339-8eac-20e3806d7999	2026-07-08	ashby-api	Enterprise Account Executive, Juno	Ramp	added	New York, NY (HQ) · Remote (US) · United States · Denver, CO · Denver	
https://jobs.ashbyhq.com/ramp/b9568fb8-a47e-4738-87fb-a6d88c3a505f	2026-07-08	ashby-api	Account Manager | Commercial	Ramp	added	New York, NY (HQ) · Remote (Canada) · Canada · San Francisco, CA · San Fransisco · USA · Remote (US) · United States · Miami, FL · Miami	
https://jobs.ashbyhq.com/ramp/baf0a4d2-e07e-4f76-af85-d85c91f479a4	2026-07-08	ashby-api	Manager, Account Manager | Mid-Market	Ramp	added	New York, NY (HQ) · San Francisco, CA · San Fransisco · USA	
https://jobs.ashbyhq.com/ramp/bf7064e1-3eb3-4d03-ac81-0e52b71661a4	2026-07-08	ashby-api	Channel Partner Manager, Juno	Ramp	added	New York, NY (HQ) · Remote (US) · United States · Denver, CO · Denver	
https://jobs.ashbyhq.com/ramp/ca9a8794-b40c-44bc-8f8a-d85182c62c6e	2026-07-08	ashby-api	Senior Channel Partner Manager | Franchise	Ramp	added	New York, NY (HQ) · San Francisco, CA · San Fransisco · USA · Remote (US) · United States	
https://jobs.ashbyhq.com/ramp/d238a056-3a1f-4dcc-99de-fadc95b9f31c	2026-07-08	ashby-api	Manager, Procurement Product Activation	Ramp	added	San Francisco, CA · Remote (US) · United States · New York, NY (HQ) · New York City · USA	
https://jobs.ashbyhq.com/ramp/d84bbf19-572a-499c-9c87-0c154ce85caf	2026-07-08	ashby-api	Account Manager | Mid-Market	Ramp	added	New York, NY (HQ) · San Francisco, CA · San Fransisco · USA · Remote (US) · United States	
https://jobs.ashbyhq.com/ramp/ecbd340c-f7ca-43ef-9d0e-f562494c4078	2026-07-08	ashby-api	Channel Partner Manager | Franchise	Ramp	added	New York, NY (HQ) · San Francisco, CA · San Fransisco · USA · Remote (US) · United States	
https://jobs.ashbyhq.com/ramp/f0e3a8bb-5f86-4ce1-b345-80d8912f9ddc	2026-07-08	ashby-api	Procurement Product Activation Manager	Ramp	added	New York, NY (HQ) · San Francisco, CA · San Fransisco · USA · Remote (US) · United States	
https://jobs.ashbyhq.com/ramp/f7c4de3c-1d64-42e9-8111-f38e265327d8	2026-07-08	ashby-api	Account Executive | Mid-Market	Ramp	added	New York, NY (HQ) · San Francisco, CA · San Fransisco · USA · Remote (US) · United States	
https://remoteOK.com/remote-jobs/remote-supply-chain-director-novaris-search-1134454	2026-07-08	remoteok-api	Supply Chain Director	Novaris Search	added	New York City Metropolitan Area	
